"fid","id","id_local","id_osm","code_com","xlong","ylat","capacite","capacite_cargo","mobilier","protection","couverture","acces","surveillance","lumiere","url_info","d_service","source","proprietaire","gestionnaire","date_maj","commentaires","nom_local","commune_local","adresse_local","gratuit","type_accroche","type","CODE","epci",lon,lat
"1","1","1","null","38185","5.714075929740791","45.18142079982441","40","1","DIVERS : RACK VERTICAL ET ARCE","CONSIGNE COLLECTIVE FERMEE","true","ABONNEMENT OU INSCRIPTION PREALABLE","true","true","https://www.veloplus-m.fr/","2020-04-01","SMMAG","GAM","ParkGAM","2021-05-18","Park","Park Irvoy","Grenoble","18 Rue Irvoy","null","null","stationnementcyclable","0","LaMetro",5.71408,45.18142
"2","3","3","null","38185","5.704257973161902","45.20277015862671","37","1","DIVERS : RACK VERTICAL ET ARCE","CONSIGNE COLLECTIVE FERMEE","true","ABONNEMENT OU INSCRIPTION PREALABLE","true","true","https://www.veloplus-m.fr/","2020-04-01","SMMAG","GAM","ParkGAM","2021-05-18","Park","Park Presqu'île","Grenoble","84 rue des Martyrs","null","null","stationnementcyclable","1","LaMetro",5.70426,45.20277
"3","4","4","null","38185","5.712925395829962","45.19206423812199","42","1","DIVERS : RACK VERTICAL ET ARCE","CONSIGNE COLLECTIVE FERMEE","true","ABONNEMENT OU INSCRIPTION PREALABLE","true","true","https://www.veloplus-m.fr/","2020-04-01","SMMAG","GAM","ParkGAM","2021-05-18","Park","Park gare Europole","Grenoble","2 Avenue Doyen Louis Weil","null","null","stationnementcyclable","2","LaMetro",5.71293,45.19206
"4","5","5","null","38185","5.733306765873736","45.19485137766205","37","1","DIVERS : RACK VERTICAL ET ARCE","CONSIGNE COLLECTIVE FERMEE","true","ABONNEMENT OU INSCRIPTION PREALABLE","true","true","https://www.veloplus-m.fr/","2020-04-01","SMMAG","GAM","ParkGAM","2021-05-18","Park","Park Notre Dame Musée","Grenoble","50 Avenue Maréchal Randon","null","null","stationnementcyclable","3","LaMetro",5.73331,45.19485
"5","6","6","null","38185","5.726688260365962","45.186176875436374","101","1","DIVERS : RACK VERTICAL ET ARCE","CONSIGNE COLLECTIVE FERMEE","true","ABONNEMENT OU INSCRIPTION PREALABLE","true","true","https://www.veloplus-m.fr/","2020-04-01","SMMAG","GAM","ParkGAM","2021-05-18","Park","Park Victor Hugo","Grenoble","Rue François Raoult","null","null","stationnementcyclable","4","LaMetro",5.72669,45.18618
"6","7","7","null","38185","5.741103479081844","45.18845436098084","123","1","DIVERS : RACK VERTICAL ET ARCE","CONSIGNE COLLECTIVE FERMEE","true","ABONNEMENT OU INSCRIPTION PREALABLE","true","true","https://www.veloplus-m.fr/","2020-04-01","SMMAG","GAM","ParkGAM","2021-05-18","Park","Park Mistral Mairie","Grenoble","419 Avenue de Valmy","null","null","stationnementcyclable","5","LaMetro",5.7411,45.18845
"7","8","8","null","38185","5.738740479664096","45.16200017928209","50","1","DIVERS : RACK VERTICAL ET ARCE","CONSIGNE COLLECTIVE FERMEE","true","ABONNEMENT OU INSCRIPTION PREALABLE","true","true","https://www.veloplus-m.fr/","2020-04-01","SMMAG","GAM","ParkGAM","2021-05-18","Park","Park Géants","Grenoble","10 Place des Géants","null","null","stationnementcyclable","6","LaMetro",5.73874,45.162
"8","9","9","null","38185","5.710743709185331","45.188842653736465","20","1","DIVERS : RACK VERTICAL ET ARCE","CONSIGNE COLLECTIVE FERMEE","true","ABONNEMENT OU INSCRIPTION PREALABLE","true","true","https://www.veloplus-m.fr/","2020-04-01","SMMAG","GAM","ParkGAM","2021-05-18","Park","Park Le Cèdre","Grenoble","Rue Anthoard","null","null","stationnementcyclable","7","LaMetro",5.71074,45.18884
"9","10","10","null","38185","5.71679688634598","45.18919661283872","29","1","DIVERS : RACK VERTICAL ET ARCE","CONSIGNE COLLECTIVE FERMEE","true","ABONNEMENT OU INSCRIPTION PREALABLE","true","true","https://www.veloplus-m.fr/","2020-04-01","SMMAG","GAM","ParkGAM","2021-05-18","Park","Park Estacade","Grenoble","22 Rue Colonel Denfert Rochereau","null","null","stationnementcyclable","8","LaMetro",5.7168,45.1892
"10","20","20","null","38382","5.7840275271153185","45.18788494429135","5","0","RATELIER AVEC ARCEAU","CONSIGNE COLLECTIVE FERMEE","true","ABONNEMENT OU INSCRIPTION PREALABLE","false","true","https://www.veloplus-m.fr/","2022-12-01","SMMAG","SMMAG","Mvélo+","2022-11-10","minibox","PLAINE DES SPORTS","Gières","Rue des Glairons","null","null","stationnementcyclable","9","LaMetro",5.78403,45.18788
"11","21","21","null","38516","5.735491755164916","45.20211490483794","5","0","RATELIER AVEC ARCEAU","CONSIGNE COLLECTIVE FERMEE","true","ABONNEMENT OU INSCRIPTION PREALABLE","false","true","https://www.veloplus-m.fr/","2021-03-15","SMMAG","SMMAG","Mvélo+","2021-05-18","minibox","CHARPENNAY 2","La Tronche","Quai Charpennay","null","null","stationnementcyclable","10","LaMetro",5.73549,45.20211
"12","22","22","null","38151","5.719049","45.152786","70","0","RACK DOUBLE ETAGE","CONSIGNE COLLECTIVE FERMEE","true","ABONNEMENT OU INSCRIPTION PREALABLE","true","true","https://www.veloplus-m.fr/","2015-01-01","SMMAG","SMMAG","Mvélo+","2021-05-18","mobilier","GARE ECHIROLLES","Échirolles","null","null","null","stationnementcyclable","11","LaMetro",5.71905,45.15279
"13","23","23","null","38516","5.735632849848395","45.2021837442768","5","0","RATELIER AVEC ARCEAU","CONSIGNE COLLECTIVE FERMEE","true","ABONNEMENT OU INSCRIPTION PREALABLE","false","true","https://www.veloplus-m.fr/","2021-03-15","SMMAG","SMMAG","Mvélo+","2021-05-18","minibox","CHARPENNAY 1","La Tronche","Quai Eugène Charpennay","null","null","stationnementcyclable","12","LaMetro",5.73563,45.20218
"14","24","24","null","38185","5.734100307170421","45.18939478108618","5","0","RATELIER AVEC ARCEAU","CONSIGNE COLLECTIVE FERMEE","true","ABONNEMENT OU INSCRIPTION PREALABLE","false","true","https://www.veloplus-m.fr/","2021-03-15","SMMAG","SMMAG","Mvélo+","2021-05-18","minibox","VILLARS-HEBERT","Grenoble","3b rue Dominique Villars","null","null","stationnementcyclable","13","LaMetro",5.7341,45.18939
"15","25","25","null","38185","5.734765597708225","45.18854151429166","5","0","RATELIER AVEC ARCEAU","CONSIGNE COLLECTIVE FERMEE","true","ABONNEMENT OU INSCRIPTION PREALABLE","false","true","https://www.veloplus-m.fr/","2021-03-15","SMMAG","SMMAG","Mvélo+","2021-05-18","minibox","VILLARS-FAURE","Grenoble","9 rue Dominque Villars","null","null","stationnementcyclable","14","LaMetro",5.73477,45.18854
"16","27","27","null","38516","5.750121361405969","45.1987205458914","35","0","RACK DOUBLE ETAGE","CONSIGNE COLLECTIVE FERMEE","true","ABONNEMENT OU INSCRIPTION PREALABLE","true","true","https://www.veloplus-m.fr/","2015-01-01","SMMAG","SMMAG","Mvélo+","2021-05-18","batiment","GRAND SABLON P+R","La Tronche","4 avenue de l'Obiou","null","null","stationnementcyclable","15","LaMetro",5.75012,45.19872
"17","35","35","null","38039","5.878298","45.26448","5","0","RATELIER AVEC ARCEAU","CONSIGNE COLLECTIVE FERMEE","true","ABONNEMENT OU INSCRIPTION PREALABLE","false","true","https://www.veloplus-m.fr/","2020-01-01","SMMAG","SMMAG","Mvélo+","2021-05-18","minibox","CLOYERES","Bernin","Parking des Cloyères","null","null","stationnementcyclable","16","LeGresivaudan",5.8783,45.26448
"18","36","36","null","38214","5.907408","45.302397","5","0","RATELIER AVEC ARCEAU","CONSIGNE COLLECTIVE FERMEE","true","ABONNEMENT OU INSCRIPTION PREALABLE","false","true","https://www.veloplus-m.fr/","2020-01-01","SMMAG","SMMAG","Mvélo+","2021-05-18","minibox","LONGS PRES","Lumbin","null","null","null","stationnementcyclable","17","LeGresivaudan",5.90741,45.3024
"19","37","37","null","38185","5.731497239417079","45.182431491843744","5","0","RATELIER AVEC ARCEAU","CONSIGNE COLLECTIVE FERMEE","true","ABONNEMENT OU INSCRIPTION PREALABLE","false","true","https://www.veloplus-m.fr/","2021-03-15","SMMAG","SMMAG","Mvélo+","2021-05-18","minibox","CHAMPON","Grenoble","10 avenue Général Champon","null","null","stationnementcyclable","18","LaMetro",5.7315,45.18243
"20","38","38","null","38185","5.73112073372301","45.1964058622073","5","0","RATELIER AVEC ARCEAU","CONSIGNE COLLECTIVE FERMEE","true","ABONNEMENT OU INSCRIPTION PREALABLE","false","true","https://www.veloplus-m.fr/","2021-03-15","SMMAG","SMMAG","Mvélo+","2021-05-18","minibox","CHEVALIER-JOUVIN","Grenoble","1 rue André Chevalier","null","null","stationnementcyclable","19","LaMetro",5.73112,45.19641
"21","39","39","null","38185","5.719147962339107","45.1950122869931","5","0","RATELIER AVEC ARCEAU","CONSIGNE COLLECTIVE FERMEE","true","ABONNEMENT OU INSCRIPTION PREALABLE","false","true","https://www.veloplus-m.fr/","2021-03-15","SMMAG","SMMAG","Mvélo+","2021-05-18","minibox","LYON","Grenoble","22-24 route de Lyon","null","null","stationnementcyclable","20","LaMetro",5.71915,45.19501
"22","40","40","null","38185","5.722910652887715","45.190567310040215","5","0","RATELIER AVEC ARCEAU","CONSIGNE COLLECTIVE FERMEE","true","ABONNEMENT OU INSCRIPTION PREALABLE","false","true","https://www.veloplus-m.fr/","2021-03-15","SMMAG","SMMAG","Mvélo+","2021-05-18","minibox","AUGIER","Grenoble","6 rue Augier","null","null","stationnementcyclable","21","LaMetro",5.72291,45.19057
"23","41","41","null","38421","5.750746509634934","45.184820765126545","5","0","RATELIER AVEC ARCEAU","CONSIGNE COLLECTIVE FERMEE","true","ABONNEMENT OU INSCRIPTION PREALABLE","false","true","https://www.veloplus-m.fr/","2021-03-15","SMMAG","SMMAG","Mvélo+","2021-05-18","minibox","CROIZAT","Saint-Martin-d'Hères","81 avenue Ambroise Croizat","null","null","stationnementcyclable","22","LaMetro",5.75075,45.18482
"24","42","42","null","38229","5.758016888919268","45.20562268786962","5","0","RATELIER AVEC ARCEAU","CONSIGNE COLLECTIVE FERMEE","true","ABONNEMENT OU INSCRIPTION PREALABLE","false","true","https://www.veloplus-m.fr/","2021-03-15","SMMAG","SMMAG","Mvélo+","2021-05-18","minibox","PLAINE FLEURIE","Meylan","20 avenue de la Plaine Fleurie","null","null","stationnementcyclable","23","LaMetro",5.75802,45.20562
"25","43","43","null","38179","5.785302","45.185037","70","0","RACK DOUBLE ETAGE","CONSIGNE COLLECTIVE FERMEE","true","ABONNEMENT OU INSCRIPTION PREALABLE","true","true","https://www.veloplus-m.fr/","2015-01-01","SMMAG","SMMAG","Mvélo+","2021-05-18","mobilier","GIERES 1 - GARE","Gières","Rue de la gare","null","null","stationnementcyclable","24","LaMetro",5.7853,45.18504
"26","44","44","null","38179","5.784900711190701","45.18574140361437","106","0","RACK DOUBLE ETAGE","CONSIGNE COLLECTIVE FERMEE","true","ABONNEMENT OU INSCRIPTION PREALABLE","true","true","https://www.veloplus-m.fr/","2015-01-01","SMMAG","SMMAG","Mvélo+","2021-05-18","batiment","GIERES 2 - TRAM","Gières","5 rue du Grand Mas","null","null","stationnementcyclable","25","LaMetro",5.7849,45.18574
"27","49","49","null","38179","5.783138888888888","45.17830555555548","5","0","RATELIER AVEC ARCEAU","CONSIGNE COLLECTIVE FERMEE","true","ABONNEMENT OU INSCRIPTION PREALABLE","false","true","https://www.veloplus-m.fr/","2020-11-15","SMMAG","SMMAG","Mvélo+","2021-05-18","minibox","REPOS","Gières","30-32 rue du Repos","null","null","stationnementcyclable","26","LaMetro",5.78314,45.17831
"28","50","50","null","38185","5.714108","45.19234","552","0","RACK DOUBLE ETAGE","CONSIGNE COLLECTIVE FERMEE","true","ABONNEMENT OU INSCRIPTION PREALABLE","true","true","https://www.veloplus-m.fr/","2015-01-01","SMMAG","SMMAG","Mvélo+","2021-05-18","batiment","SILO EST","Grenoble","1 place de la Gare","null","null","stationnementcyclable","27","LaMetro",5.71411,45.19234
"29","51","51","null","38185","5.704903","45.180505","30","0","RACK DOUBLE ETAGE","CONSIGNE COLLECTIVE FERMEE","true","ABONNEMENT OU INSCRIPTION PREALABLE","true","true","https://www.veloplus-m.fr/","2015-01-01","SMMAG","SMMAG","Mvélo+","2021-05-18","batiment","CATANE P+R","Grenoble","Rue Ampère","null","null","stationnementcyclable","28","LaMetro",5.7049,45.1805
"30","2","2","null","38185","5.712676137872966","45.185827793529725","60","1","DIVERS : RACK VERTICAL ET ARCE","CONSIGNE COLLECTIVE FERMEE","true","ABONNEMENT OU INSCRIPTION PREALABLE","true","true","https://www.veloplus-m.fr/","2020-04-01","SMMAG","GAM","ParkGAM","2021-05-18","Park","Park Saint-Bruno","Grenoble","33 bis Rue Nicolas Chorier","null","null","stationnementcyclable","29","LaMetro",5.71268,45.18583
"31","14","14","null","38185","5.727674253529398","45.188255094944566","5","0","RATELIER AVEC ARCEAU","CONSIGNE COLLECTIVE FERMEE","true","ABONNEMENT OU INSCRIPTION PREALABLE","false","true","https://www.veloplus-m.fr/","2022-11-01","SMMAG","SMMAG","Mvélo+","2022-10-20","minibox","MARTIN","Grenoble","Place Vaucanson","null","null","stationnementcyclable","30","LaMetro",5.72767,45.18826
"32","53","53","null","38185","5.713599","45.191663","596","0","RACK DOUBLE ETAGE","CONSIGNE COLLECTIVE FERMEE","true","ABONNEMENT OU INSCRIPTION PREALABLE","true","true","https://www.veloplus-m.fr/","2015-01-01","SMMAG","SMMAG","Mvélo+","2021-05-18","batiment","SILO OUEST","Grenoble","Rue de la Frise","null","null","stationnementcyclable","31","LaMetro",5.7136,45.19166
"33","58","58","null","38185","5.717509","45.198826","30","0","RACK DOUBLE ETAGE","CONSIGNE COLLECTIVE FERMEE","true","ABONNEMENT OU INSCRIPTION PREALABLE","true","true","https://www.veloplus-m.fr/","2015-01-01","SMMAG","SMMAG","Mvélo+","2021-05-18","mobilier","ESPLANADE P+R","Grenoble","Route de Lyon","null","null","stationnementcyclable","32","LaMetro",5.71751,45.19883
"34","59","59","null","38185","5.719451666817036","45.19086751652526","5","0","RATELIER AVEC ARCEAU","CONSIGNE COLLECTIVE FERMEE","true","ABONNEMENT OU INSCRIPTION PREALABLE","false","true","https://www.veloplus-m.fr/","2019-01-01","SMMAG","SMMAG","Mvélo+","2021-05-18","minibox","FELIX VIALLET","Grenoble","27 avenue Félix Viallet","null","null","stationnementcyclable","33","LaMetro",5.71945,45.19087
"35","60","60","null","38185","5.719505215533482","45.18893521033769","5","0","RATELIER AVEC ARCEAU","CONSIGNE COLLECTIVE FERMEE","true","ABONNEMENT OU INSCRIPTION PREALABLE","false","true","https://www.veloplus-m.fr/","2020-11-15","SMMAG","SMMAG","Mvélo+","2021-05-18","minibox","JEAN JAURES","Grenoble","79 cours Jean Jaurès","null","null","stationnementcyclable","34","LaMetro",5.71951,45.18894
"36","61","61","null","38185","5.742506074892749","45.177206980257665","5","0","RATELIER AVEC ARCEAU","CONSIGNE COLLECTIVE FERMEE","true","ABONNEMENT OU INSCRIPTION PREALABLE","false","true","https://www.veloplus-m.fr/","2019-01-01","SMMAG","SMMAG","Mvélo+","2021-05-18","minibox","JEAN BART","Grenoble","29 rue Jean Bart","null","null","stationnementcyclable","35","LaMetro",5.74251,45.17721
"37","62","62","null","38185","5.705736111111111","45.18920555555547","5","0","RATELIER AVEC ARCEAU","CONSIGNE COLLECTIVE FERMEE","true","ABONNEMENT OU INSCRIPTION PREALABLE","false","true","https://www.veloplus-m.fr/","2021-03-15","SMMAG","SMMAG","Mvélo+","2021-05-18","minibox","BERRIAT MAGASIN","Grenoble","6 Rue Diderot","null","null","stationnementcyclable","36","LaMetro",5.70574,45.18921
"38","63","63","null","38185","5.743088888888888","45.171744444444364","5","0","RATELIER AVEC ARCEAU","CONSIGNE COLLECTIVE FERMEE","true","ABONNEMENT OU INSCRIPTION PREALABLE","false","true","https://www.veloplus-m.fr/","2020-11-15","SMMAG","SMMAG","Mvélo+","2021-05-18","minibox","PAUL COCAT","Grenoble","12 Avenue Paul Cocat","null","null","stationnementcyclable","37","LaMetro",5.74309,45.17174
"39","64","64","null","38185","5.715972222222222","45.178222222222146","5","0","RATELIER AVEC ARCEAU","CONSIGNE COLLECTIVE FERMEE","true","ABONNEMENT OU INSCRIPTION PREALABLE","false","true","https://www.veloplus-m.fr/","2020-11-15","SMMAG","SMMAG","Mvélo+","2021-05-18","minibox","LIBERATION","Grenoble","27-15 cours de la Libération","null","null","stationnementcyclable","38","LaMetro",5.71597,45.17822
"40","65","65","null","38185","5.726652777777777","45.18245555555548","5","0","RATELIER AVEC ARCEAU","CONSIGNE COLLECTIVE FERMEE","true","ABONNEMENT OU INSCRIPTION PREALABLE","false","true","https://www.veloplus-m.fr/","2020-11-15","SMMAG","SMMAG","Mvélo+","2021-05-18","minibox","ANDRE MAGINOT","Grenoble","4 Rue André Maginot","null","null","stationnementcyclable","39","LaMetro",5.72665,45.18246
"41","66","66","null","38179","5.783138888888888","45.17830555555548","5","0","RATELIER AVEC ARCEAU","CONSIGNE COLLECTIVE FERMEE","true","ABONNEMENT OU INSCRIPTION PREALABLE","false","true","https://www.veloplus-m.fr/","2020-11-15","SMMAG","SMMAG","Mvélo+","2021-05-18","minibox","THIERS","Grenoble","26 rue Thiers","null","null","stationnementcyclable","40","LaMetro",5.78314,45.17831
"42","73","73","null","38511","5.955012","45.35768","5","0","RATELIER AVEC ARCEAU","CONSIGNE COLLECTIVE FERMEE","true","ABONNEMENT OU INSCRIPTION PREALABLE","false","true","https://www.veloplus-m.fr/","2020-01-01","SMMAG","SMMAG","Mvélo+","2021-05-18","minibox","GRANDES TERRES","Le Touvet","null","null","null","stationnementcyclable","41","LeGresivaudan",5.95501,45.35768
"43","74","74","null","38317","5.703526842986168","45.137757422284125","96","0","RACK DOUBLE ETAGE","CONSIGNE COLLECTIVE FERMEE","true","ABONNEMENT OU INSCRIPTION PREALABLE","true","true","https://www.veloplus-m.fr/","2015-01-01","SMMAG","SMMAG","Mvélo+","2021-05-18","mobilier","ETOILE","Le Pont-de-Claix","Avenue Charles de Gaulle","null","null","stationnementcyclable","42","LaMetro",5.70353,45.13776
"44","75","75","null","38249","5.819255074659242","45.22424581311944","20","0","RACK DOUBLE ETAGE","CONSIGNE COLLECTIVE FERMEE","true","ABONNEMENT OU INSCRIPTION PREALABLE","true","true","https://www.veloplus-m.fr/","2015-01-01","SMMAG","SMMAG","Mvélo+","2021-05-18","mobilier","PRE DE L'EAU P+R","Montbonnot-Saint-Martin","Chemin du Moulin","null","null","stationnementcyclable","43","LeGresivaudan",5.81926,45.22425
"45","76","76","null","38249","5.819913064550483","45.22393326138526","20","0","RACK DOUBLE ETAGE","CONSIGNE COLLECTIVE FERMEE","true","ABONNEMENT OU INSCRIPTION PREALABLE","true","true","https://www.veloplus-m.fr/","2015-01-01","SMMAG","SMMAG","Mvélo+","2021-05-18","mobilier","PRE DE L'EAU TERMINUS BUS","Montbonnot-Saint-Martin","Route de la Doux","null","null","stationnementcyclable","44","LeGresivaudan",5.81991,45.22393
"46","79","79","null","38314","6.007822","45.433911","5","0","RATELIER AVEC ARCEAU","CONSIGNE COLLECTIVE FERMEE","true","ABONNEMENT OU INSCRIPTION PREALABLE","false","true","https://www.veloplus-m.fr/","2020-01-01","SMMAG","SMMAG","Mvélo+","2021-05-18","minibox","GARE","Pontcharra","null","null","null","stationnementcyclable","45","LeGresivaudan",6.00782,45.43391
"47","80","80","null","38421","5.753981045043099","45.18541287831288","5","0","RATELIER AVEC ARCEAU","CONSIGNE COLLECTIVE FERMEE","true","ABONNEMENT OU INSCRIPTION PREALABLE","false","true","https://www.veloplus-m.fr/","2019-01-01","SMMAG","SMMAG","Mvélo+","2021-05-18","minibox","ALFRED KASTLER","Saint-Martin-d'Hères","14 rue Alfred Kastler","null","null","stationnementcyclable","46","LaMetro",5.75398,45.18541
"48","83","83","null","38474","5.661105","45.213582","100","0","RACK DOUBLE ETAGE","CONSIGNE COLLECTIVE FERMEE","true","ABONNEMENT OU INSCRIPTION PREALABLE","true","true","https://www.veloplus-m.fr/","2015-01-01","SMMAG","SMMAG","Mvélo+","2021-05-18","mobilier","JEAN PREVOST","Sassenage","Place Jean Prévost","null","null","stationnementcyclable","47","LaMetro",5.66111,45.21358
"49","85","85","null","38431","5.847328","45.256417","5","0","RATELIER AVEC ARCEAU","CONSIGNE COLLECTIVE FERMEE","true","ABONNEMENT OU INSCRIPTION PREALABLE","false","true","https://www.veloplus-m.fr/","2020-01-01","SMMAG","SMMAG","Mvélo+","2021-05-18","minibox","ROUTE DE CHAMBERY","Saint-Nazaire-les-Eymes","Route de Chambéry","null","null","stationnementcyclable","48","LeGresivaudan",5.84733,45.25642
"50","88","88","null","38485","5.6955","45.1800277777777","5","0","RATELIER AVEC ARCEAU","CONSIGNE COLLECTIVE FERMEE","true","ABONNEMENT OU INSCRIPTION PREALABLE","false","true","https://www.veloplus-m.fr/","2020-07-15","SMMAG","SMMAG","Mvélo+","2021-05-18","minibox","VEIL","Seyssinet-Pariset","Rue Simone Veil","null","null","stationnementcyclable","49","LaMetro",5.6955,45.18003
"51","94","94","null","38501","5.953182","45.304094","5","0","RATELIER AVEC ARCEAU","CONSIGNE COLLECTIVE FERMEE","true","ABONNEMENT OU INSCRIPTION PREALABLE","false","true","https://www.veloplus-m.fr/","2020-01-01","SMMAG","SMMAG","Mvélo+","2021-05-18","minibox","PRE SEC","Tencin","Allée Pré Sec","null","null","stationnementcyclable","50","LeGresivaudan",5.95318,45.30409
"52","11","11","null","38185","5.712308044578671","45.19327038782056","64","1","DIVERS : RACK VERTICAL ET ARCE","CONSIGNE COLLECTIVE FERMEE","true","ABONNEMENT OU INSCRIPTION PREALABLE","true","true","https://www.veloplus-m.fr/","2020-04-01","SMMAG","GAM","ParkGAM","2021-05-18","Park","Park Gare Palais de justice","Grenoble","34 Avenue Doyen Louis Weil","null","null","stationnementcyclable","51","LaMetro",5.71231,45.19327
"53","12","12","null","38185","5.725317638061845","45.19181838700726","56","1","DIVERS : RACK VERTICAL ET ARCE","CONSIGNE COLLECTIVE FERMEE","true","ABONNEMENT OU INSCRIPTION PREALABLE","true","true","https://www.veloplus-m.fr/","2020-04-01","SMMAG","GAM","ParkGAM","2021-05-18","Park","Park Grenette Téléphérique","Grenoble","7 Rue de Belgrade","null","null","stationnementcyclable","52","LaMetro",5.72532,45.19182
"54","13","13","null","38179","5.78311778271795","45.17829797010731","5","0","RATELIER AVEC ARCEAU","CONSIGNE COLLECTIVE FERMEE","true","ABONNEMENT OU INSCRIPTION PREALABLE","false","true","https://www.veloplus-m.fr/","2022-11-01","SMMAG","SMMAG","Mvélo+","2022-10-20","minibox","REPOS 100e","Gières","Rue du Repos","null","null","stationnementcyclable","53","LaMetro",5.78312,45.1783
"55","15","15","null","38185","5.743476704578457","45.186175650872514","5","0","RATELIER AVEC ARCEAU","CONSIGNE COLLECTIVE FERMEE","true","ABONNEMENT OU INSCRIPTION PREALABLE","false","true","https://www.veloplus-m.fr/","2022-11-01","SMMAG","SMMAG","Mvélo+","2022-10-20","minibox","CLEMENCEAU","Grenoble","5 Bd Clemenceau","null","null","stationnementcyclable","54","LaMetro",5.74348,45.18618
"56","16","16","null","null","null","null","80","0","RACK DOUBLE ETAGE","CONSIGNE COLLECTIVE FERMEE","true","ABONNEMENT OU INSCRIPTION PREALABLE","true","true","https://www.veloplus-m.fr/","2023-11-01","SMMAG","SMMAG","Mvélo+","2023-09-22","mobilier","Seyssins Le Prisme","Seyssins","89 avenue de Grenoble","null","null","stationnementcyclable","55","LaMetro",5.69109,45.16611
"57","69","69","null","38516","5.752839","45.196517","6","0","CASIER INDIVIDUEL","BOX INDIVIDUEL FERME","true","ABONNEMENT OU INSCRIPTION PREALABLE","false","true","https://www.veloplus-m.fr/","2009-01-01","SMMAG","SMMAG","Mvélo+","2021-05-18","box","SABLON","La Tronche","Avenue de Verdun","null","null","stationnementcyclable","56","LaMetro",5.75284,45.19652
"58","17","17","null","38185","5.733022225660925","45.18661527774565","5","0","RATELIER AVEC ARCEAU","CONSIGNE COLLECTIVE FERMEE","true","ABONNEMENT OU INSCRIPTION PREALABLE","false","true","https://www.veloplus-m.fr/","2022-11-01","SMMAG","SMMAG","Mvélo+","2022-10-20","minibox","BOCQ","Grenoble","1 rue Jean Bocq","null","null","stationnementcyclable","57","LaMetro",5.73302,45.18662
"59","18","18","null","38382","5.660337881545307","45.23723383115645","5","0","RATELIER AVEC ARCEAU","CONSIGNE COLLECTIVE FERMEE","true","ABONNEMENT OU INSCRIPTION PREALABLE","false","true","https://www.veloplus-m.fr/","2022-11-01","SMMAG","SMMAG","Mvélo+","2022-10-20","minibox","SAN MARINO","Saint-Égrève","D105F","null","null","stationnementcyclable","58","LaMetro",5.66034,45.23723
"60","19","19","null","38382","5.682274965958547","45.23082668198806","5","0","RATELIER AVEC ARCEAU","CONSIGNE COLLECTIVE FERMEE","true","ABONNEMENT OU INSCRIPTION PREALABLE","false","true","https://www.veloplus-m.fr/","2022-11-01","SMMAG","SMMAG","Mvélo+","2022-10-20","minibox","CHATELET","Saint-Égrève","impasse du Châtelet","null","null","stationnementcyclable","59","LaMetro",5.68227,45.23083
"61","28","28","null","38111","5.692959","45.118527","6","0","CASIER INDIVIDUEL","BOX INDIVIDUEL FERME","true","ABONNEMENT OU INSCRIPTION PREALABLE","false","true","https://www.veloplus-m.fr/","2009-01-01","SMMAG","SMMAG","Mvélo+","2021-05-18","box","PONT ROUGE","Claix","23B av de la Liberation","null","null","stationnementcyclable","60","LaMetro",5.69296,45.11853
"62","29","29","null","38150","5.838257","45.201588","10","0","CASIER INDIVIDUEL","BOX INDIVIDUEL FERME","true","ABONNEMENT OU INSCRIPTION PREALABLE","false","true","https://www.veloplus-m.fr/","2009-01-01","SMMAG","SMMAG","Mvélo+","2021-05-18","box","DOMENE MAIRIE","Domène","1 avenue de la gareDomène","null","null","stationnementcyclable","61","LaMetro",5.83826,45.20159
"63","30","30","null","38158","5.754631","45.147052","6","0","CASIER INDIVIDUEL","BOX INDIVIDUEL FERME","true","ABONNEMENT OU INSCRIPTION PREALABLE","false","true","https://www.veloplus-m.fr/","2009-01-01","SMMAG","SMMAG","Mvélo+","2021-05-18","box","VERDERET P+R","Eybens","27 Av de la République terminus C4","null","null","stationnementcyclable","62","LaMetro",5.75463,45.14705
"64","31","31","null","38158","5.748596","45.153353","6","0","CASIER INDIVIDUEL","BOX INDIVIDUEL FERME","true","ABONNEMENT OU INSCRIPTION PREALABLE","false","true","https://www.veloplus-m.fr/","2009-01-01","SMMAG","SMMAG","Mvélo+","2021-05-18","box","ODYSSEE","Eybens","87-91 Av Jean Jaurés arret C4","null","null","stationnementcyclable","63","LaMetro",5.7486,45.15335
"65","32","32","null","38485","5.827422424524326","45.206848680288886","10","0","CASIER INDIVIDUEL","BOX INDIVIDUEL FERME","true","ABONNEMENT OU INSCRIPTION PREALABLE","false","true","https://www.veloplus-m.fr/","2009-01-01","SMMAG","SMMAG","Mvélo+","2021-05-18","box","CHENEVIERES","Domène","Rue Aristide Bergès - arrêt Chenevières","null","null","stationnementcyclable","64","LaMetro",5.82742,45.20685
"66","33","33","null","38158","5.755323859526279","45.147326527575274","10","0","CASIER INDIVIDUEL","BOX INDIVIDUEL FERME","true","ABONNEMENT OU INSCRIPTION PREALABLE","false","true","https://www.veloplus-m.fr/","2009-01-01","SMMAG","SMMAG","Mvélo+","2021-05-18","box","VELODROME","Eybens","Avenue des maquis de l'Oisans - pk Velodrome","null","null","stationnementcyclable","65","LaMetro",5.75532,45.14733
"67","45","45","null","38179","5.785186604293254","45.185503808663924","6","0","CASIER INDIVIDUEL","BOX INDIVIDUEL FERME","true","ABONNEMENT OU INSCRIPTION PREALABLE","false","true","https://www.veloplus-m.fr/","2009-01-01","SMMAG","SMMAG","Mvélo+","2021-05-18","box","GIERES GARE","Gières","Passage de la Gare","null","null","stationnementcyclable","66","LaMetro",5.78519,45.1855
"68","46","46","null","38169","5.671719","45.197364","6","0","CASIER INDIVIDUEL","BOX INDIVIDUEL FERME","true","ABONNEMENT OU INSCRIPTION PREALABLE","false","true","https://www.veloplus-m.fr/","2009-01-01","SMMAG","SMMAG","Mvélo+","2021-05-18","box","LA POYA","Fontaine","143 boulevard Paul Langevin","null","null","stationnementcyclable","67","LaMetro",5.67172,45.19736
"69","48","48","null","38179","5.783964","45.187935","6","0","CASIER INDIVIDUEL","BOX INDIVIDUEL FERME","true","ABONNEMENT OU INSCRIPTION PREALABLE","false","true","https://www.veloplus-m.fr/","2009-01-01","SMMAG","SMMAG","Mvélo+","2021-05-18","box","PLAINE DES SPORTS","Gières","1 rue des Glairons","null","null","stationnementcyclable","68","LaMetro",5.78396,45.18793
"70","52","52","null","38516","5.74061068874325","45.201752322825826","10","0","CASIER INDIVIDUEL","BOX INDIVIDUEL FERME","true","ABONNEMENT OU INSCRIPTION PREALABLE","false","true","https://www.veloplus-m.fr/","2009-01-01","SMMAG","SMMAG","Mvélo+","2021-05-18","box","HOPITAL LA TRONCHE","La Tronche","Quai Yermoloff","null","null","stationnementcyclable","69","LaMetro",5.74061,45.20175
"71","54","54","null","38185","5.710925","45.194908","6","0","CASIER INDIVIDUEL","BOX INDIVIDUEL FERME","true","ABONNEMENT OU INSCRIPTION PREALABLE","false","true","https://www.veloplus-m.fr/","2009-01-01","SMMAG","SMMAG","Mvélo+","2021-05-18","box","CITE INTERNATIONALE","Grenoble","90 rue Félix Esclangon","null","null","stationnementcyclable","70","LaMetro",5.71093,45.19491
"72","55","55","null","38185","5.734161","45.156786","6","0","CASIER INDIVIDUEL","BOX INDIVIDUEL FERME","true","ABONNEMENT OU INSCRIPTION PREALABLE","false","true","https://www.veloplus-m.fr/","2009-01-01","SMMAG","SMMAG","Mvélo+","2021-05-18","box","ALPEXPO","Grenoble","21 rue Henri Barbusse","null","null","stationnementcyclable","71","LaMetro",5.73416,45.15679
"73","56","56","null","38185","5.734032","45.201414","10","0","CASIER INDIVIDUEL","BOX INDIVIDUEL FERME","true","ABONNEMENT OU INSCRIPTION PREALABLE","false","true","https://www.veloplus-m.fr/","2009-01-01","SMMAG","SMMAG","Mvélo+","2021-05-18","box","PETITE TRONCHE","Grenoble","Quai Yermoloff","null","null","stationnementcyclable","72","LaMetro",5.73403,45.20141
"74","57","57","null","38185","5.713261","45.179976","5","0","CASIER INDIVIDUEL","BOX INDIVIDUEL FERME","true","ABONNEMENT OU INSCRIPTION PREALABLE","false","true","https://www.veloplus-m.fr/","2022-05-20","SMMAG","SMMAG","Mvélo+","2022-05-20","box","PALLUEL","Fontanil-Cornillon","15 Boulevard Joseph VallierGrenoble","null","null","stationnementcyclable","73","LaMetro",5.66165,45.25455
"75","67","67","null","38151","5.715447","45.142253","6","0","CASIER INDIVIDUEL","BOX INDIVIDUEL FERME","true","ABONNEMENT OU INSCRIPTION PREALABLE","false","true","https://www.veloplus-m.fr/","2009-01-01","SMMAG","SMMAG","Mvélo+","2021-05-18","box","AUGUSTE DELAUNE","Grenoble","90 av du Général de Gaulle","null","null","stationnementcyclable","74","LaMetro",5.71545,45.14225
"76","68","68","null","38516","5.743867","45.191858","10","0","CASIER INDIVIDUEL","BOX INDIVIDUEL FERME","true","ABONNEMENT OU INSCRIPTION PREALABLE","false","true","https://www.veloplus-m.fr/","2009-01-01","SMMAG","SMMAG","Mvélo+","2021-05-18","box","GRAND SABLON","La Tronche","21 avenue du Grand Sablon","null","null","stationnementcyclable","75","LaMetro",5.74387,45.19186
"77","70","70","null","38229","5.791479","45.211499","6","0","CASIER INDIVIDUEL","BOX INDIVIDUEL FERME","true","ABONNEMENT OU INSCRIPTION PREALABLE","false","true","https://www.veloplus-m.fr/","2009-01-01","SMMAG","SMMAG","Mvélo+","2021-05-18","box","BEALIERES","Meylan","Avenue du Granier arret bus C1 Les Béalieres","null","null","stationnementcyclable","76","LaMetro",5.79148,45.2115
"78","71","71","null","38229","5.764561","45.205384","6","0","CASIER INDIVIDUEL","BOX INDIVIDUEL FERME","true","ABONNEMENT OU INSCRIPTION PREALABLE","false","true","https://www.veloplus-m.fr/","2009-01-01","SMMAG","SMMAG","Mvélo+","2021-05-18","box","AIGUINARDS","Meylan","80 rue des Aiguinards","null","null","stationnementcyclable","77","LaMetro",5.76456,45.20538
"79","72","72","null","38271","5.816456","45.191644","6","0","CASIER INDIVIDUEL","BOX INDIVIDUEL FERME","true","ABONNEMENT OU INSCRIPTION PREALABLE","false","true","https://www.veloplus-m.fr/","2009-01-01","SMMAG","SMMAG","Mvélo+","2021-05-18","box","MURINANETTE","Murianette","85 rue de la Libération","null","null","stationnementcyclable","78","LaMetro",5.81646,45.19164
"80","77","77","null","38382","5.684019","45.231718","6","0","CASIER INDIVIDUEL","BOX INDIVIDUEL FERME","true","ABONNEMENT OU INSCRIPTION PREALABLE","false","true","https://www.veloplus-m.fr/","2009-01-01","SMMAG","SMMAG","Mvélo+","2021-05-18","box","PONT DE VENCE","Saint-Égrève","9 avenue de la Monta","null","null","stationnementcyclable","79","LaMetro",5.68402,45.23172
"81","78","78","null","38382","5.660706","45.237049","10","0","CASIER INDIVIDUEL","BOX INDIVIDUEL FERME","true","ABONNEMENT OU INSCRIPTION PREALABLE","false","true","https://www.veloplus-m.fr/","2009-01-01","SMMAG","SMMAG","Mvélo+","2021-05-18","box","SAN MARINO BARRAGE","Saint-Égrève","chemin des Acacias","null","null","stationnementcyclable","80","LaMetro",5.66071,45.23705
"82","81","81","null","38421","5.757608","45.171872","6","0","CASIER INDIVIDUEL","BOX INDIVIDUEL FERME","true","ABONNEMENT OU INSCRIPTION PREALABLE","false","true","https://www.veloplus-m.fr/","2009-01-01","SMMAG","SMMAG","Mvélo+","2021-05-18","box","ETIENNE GRAPPE","Saint-Martin-d'Hères","40 avenue de Potié","null","null","stationnementcyclable","81","LaMetro",5.75761,45.17187
"83","84","84","null","38485","5.695789","45.179681","10","0","CASIER INDIVIDUEL","BOX INDIVIDUEL FERME","true","ABONNEMENT OU INSCRIPTION PREALABLE","false","true","https://www.veloplus-m.fr/","2009-01-01","SMMAG","SMMAG","Mvélo+","2021-05-18","box","SEYSSINET P+R","Seyssinet-Pariset","11 rue Lamartine","null","null","stationnementcyclable","82","LaMetro",5.69579,45.17968
"84","86","86","null","38485","5.695703","45.180069","10","0","CASIER INDIVIDUEL","BOX INDIVIDUEL FERME","true","ABONNEMENT OU INSCRIPTION PREALABLE","false","true","https://www.veloplus-m.fr/","2009-01-01","SMMAG","SMMAG","Mvélo+","2021-05-18","box","HOTEL DE VILLE","Seyssinet-Pariset","Boulevard de l'Europe","null","null","stationnementcyclable","83","LaMetro",5.6957,45.18007
"85","87","87","null","38485","5.687702","45.175763","10","0","CASIER INDIVIDUEL","BOX INDIVIDUEL FERME","true","ABONNEMENT OU INSCRIPTION PREALABLE","false","true","https://www.veloplus-m.fr/","2009-01-01","SMMAG","SMMAG","Mvélo+","2021-05-18","box","PIERRE DE COUBERTIN","Seyssinet-Pariset","Avenue Pierre de Coubertin","null","null","stationnementcyclable","84","LaMetro",5.6877,45.17576
"86","92","92","null","38485","5.687252975700789","45.17636102302693","10","0","CASIER INDIVIDUEL","BOX INDIVIDUEL FERME","true","ABONNEMENT OU INSCRIPTION PREALABLE","false","true","https://www.veloplus-m.fr/","2009-01-01","SMMAG","SMMAG","Mvélo+","2021-05-18","box","CHRONODRIVE","Seyssinet-Pariset","Avenue Vercors / Grl de gaulle","null","null","stationnementcyclable","85","LaMetro",5.68725,45.17636
"87","93","93","null","38540","5.617961245794961","45.269545063351934","10","0","CASIER INDIVIDUEL","BOX INDIVIDUEL FERME","true","ABONNEMENT OU INSCRIPTION PREALABLE","false","true","https://www.veloplus-m.fr/","2009-01-01","SMMAG","SMMAG","Mvélo+","2021-05-18","box","VEUREY","Veurey-Voroize","1 rue des Jayères","null","null","stationnementcyclable","86","LaMetro",5.61796,45.26955
"88","96","96","null","38185","5.71206972623659","45.16892440544386","10","0","CASIER INDIVIDUEL","BOX INDIVIDUEL FERME","true","ABONNEMENT OU INSCRIPTION PREALABLE","false","true","https://www.veloplus-m.fr/","2009-01-01","SMMAG","SMMAG","Mvélo+","2021-05-18","box","LOUISE MICHEL","Grenoble","3 Rue Louise Michel","null","null","stationnementcyclable","87","LaMetro",5.71207,45.16892
"89","97","97","null","38504","5.9960361855592","45.30039574624809","5","0","RATELIER AVEC ARCEAUX","CONSIGNE COLLECTIVE FERMEE","true","ABONNEMENT OU INSCRIPTION PREALABLE","false","true","https://www.veloplus-m.fr/","2021-05-18","SMMAG","SMMAG","Mvélo+","2021-06-14","minibox","MERDARET","Theys","Pont Berard","null","null","stationnementcyclable","88","LeGresivaudan",5.99604,45.3004
"90","98","98","null","38439","6.051849544327417","45.371767280363834","5","0","RATELIER AVEC ARCEAUX","CONSIGNE COLLECTIVE FERMEE","true","ABONNEMENT OU INSCRIPTION PREALABLE","false","true","https://www.veloplus-m.fr/","2021-05-18","SMMAG","SMMAG","Mvélo+","2021-06-14","minibox","CRETS","Crêts en Belledonne","Route d'Allevard","null","null","stationnementcyclable","89","LeGresivaudan",6.05185,45.37177
"91","99","99","null","38045","5.808978852758637","45.233586241344106","5","0","RATELIER AVEC ARCEAUX","CONSIGNE COLLECTIVE FERMEE","true","ABONNEMENT OU INSCRIPTION PREALABLE","false","true","https://www.veloplus-m.fr/","2021-05-18","SMMAG","SMMAG","Mvélo+","2021-06-14","minibox","CLAVERINS","Biviers","Rue de Gal de Gaulle","null","null","stationnementcyclable","90","LeGresivaudan",5.80898,45.23359
"92","100","100","null","38474","5.659998906097342","45.22072716568881","5","0","RATELIER AVEC ARCEAUX","CONSIGNE COLLECTIVE FERMEE","true","ABONNEMENT OU INSCRIPTION PREALABLE","false","true","https://www.veloplus-m.fr/","2022-03-01","SMMAG","SMMAG","Mvélo+","2022-03-01","minibox","ENGENIERES","Sassenage","Avenue de Valence","null","null","stationnementcyclable","91","LaMetro",5.66,45.22073
"93","101","101","null","38006","6.071601007762681","45.393571940252464","5","0","RATELIER AVEC ARCEAUX","CONSIGNE COLLECTIVE FERMEE","true","ABONNEMENT OU INSCRIPTION PREALABLE","false","true","https://www.veloplus-m.fr/","2021-05-18","SMMAG","SMMAG","Mvélo+","2021-06-14","minibox","JULES FERRY","Allevard","Boulevard Jules Ferry","null","null","stationnementcyclable","92","LeGresivaudan",6.0716,45.39357
"94","102","102","null","38140","5.883104783675948","45.28440987454651","5","0","RATELIER AVEC ARCEAUX","CONSIGNE COLLECTIVE FERMEE","true","ABONNEMENT OU INSCRIPTION PREALABLE","false","true","https://www.veloplus-m.fr/","2021-05-18","SMMAG","SMMAG","Mvélo+","2021-06-14","minibox","MAIRIE","Crolles","Avenue de la Résistance","null","null","stationnementcyclable","93","LeGresivaudan",5.8831,45.28441
"95","103","103","null","38140","5.888653887769594","45.27167702325004","5","0","RATELIER AVEC ARCEAUX","CONSIGNE COLLECTIVE FERMEE","true","ABONNEMENT OU INSCRIPTION PREALABLE","false","true","https://www.veloplus-m.fr/","2021-05-18","SMMAG","SMMAG","Mvélo+","2021-06-14","minibox","AMBROISE CROISAT","Crolles","Avenue Amrboise Croizat","null","null","stationnementcyclable","94","LeGresivaudan",5.88865,45.27168
"96","104","104","null","38140","5.873068576578054","45.27731303898745","5","0","RATELIER AVEC ARCEAUX","CONSIGNE COLLECTIVE FERMEE","true","ABONNEMENT OU INSCRIPTION PREALABLE","false","true","https://www.veloplus-m.fr/","2021-05-18","SMMAG","SMMAG","Mvélo+","2021-06-14","minibox","CROIX DES AYES","Crolles","Avenue Joliot-Curie","null","null","stationnementcyclable","95","LeGresivaudan",5.87307,45.27731
"97","105","105","null","38397","5.830686835096775","45.24583495647245","5","0","RATELIER AVEC ARCEAUX","CONSIGNE COLLECTIVE FERMEE","true","ABONNEMENT OU INSCRIPTION PREALABLE","false","true","https://www.veloplus-m.fr/","2021-05-18","SMMAG","SMMAG","Mvélo+","2021-06-14","minibox","PINS","Saint-Ismier","Carrefour des Pins","null","null","stationnementcyclable","96","LeGresivaudan",5.83069,45.24583
"98","106","106","null","38422","5.829559033367688","45.14361589392651","5","0","RATELIER AVEC ARCEAUX","CONSIGNE COLLECTIVE FERMEE","true","ABONNEMENT OU INSCRIPTION PREALABLE","false","true","https://www.veloplus-m.fr/","2021-05-18","SMMAG","SMMAG","Mvélo+","2021-06-14","minibox","OFFICE DE TOURISME","Saint-Martin-d'Uriage","Route de Gières","null","null","stationnementcyclable","97","LeGresivaudan",5.82956,45.14362
"99","107","107","null","38185","5.729710973418712","45.18931832130059","5","0","RATELIER AVEC ARCEAUX","CONSIGNE COLLECTIVE FERMEE","true","ABONNEMENT OU INSCRIPTION PREALABLE","false","true","https://www.veloplus-m.fr/","2021-06-04","SMMAG","SMMAG","Mvélo+","2021-08-04","minibox","ACHARD","Grenoble","Place Jean Achard","null","null","stationnementcyclable","98","LaMetro",5.72971,45.18932
"100","108","108","null","38185","5.709283758905001","45.185619181846974","5","0","RATELIER AVEC ARCEAUX","CONSIGNE COLLECTIVE FERMEE","true","ABONNEMENT OU INSCRIPTION PREALABLE","false","true","https://www.veloplus-m.fr/","2021-06-04","SMMAG","SMMAG","Mvélo+","2021-08-04","minibox","MOZART","Grenoble","6 rue Mozart","null","null","stationnementcyclable","99","LaMetro",5.70928,45.18562
"101","109","109","null","null","5.6984381724744315","45.132142106650114","5","0","RATELIER AVEC ARCEAUX","CONSIGNE COLLECTIVE FERMEE","true","ABONNEMENT OU INSCRIPTION PREALABLE","false","true","https://www.veloplus-m.fr/","2021-06-04","SMMAG","SMMAG","Mvélo+","2021-08-04","minibox","STENDHAL","Le Pont-de-Claix","2 ure Stendhal","null","null","stationnementcyclable","100","LaMetro",5.69844,45.13214
"102","110","110","null","38185","5.716509118828172","45.18529397136584","5","0","RATELIER AVEC ARCEAUX","CONSIGNE COLLECTIVE FERMEE","true","ABONNEMENT OU INSCRIPTION PREALABLE","false","true","https://www.veloplus-m.fr/","2021-06-04","SMMAG","SMMAG","Mvélo+","2021-08-04","minibox","CLEMENT","Grenoble","3 bis rue Clément","null","null","stationnementcyclable","101","LaMetro",5.71651,45.18529
"103","111","111","null","38185","5.722760374995654","45.18651582891086","5","0","RATELIER AVEC ARCEAUX","CONSIGNE COLLECTIVE FERMEE","true","ABONNEMENT OU INSCRIPTION PREALABLE","false","true","https://www.veloplus-m.fr/","2021-06-04","SMMAG","SMMAG","Mvélo+","2021-08-04","minibox","CHANARON","Grenoble","11 rue du Lieutenant Chanaron","null","null","stationnementcyclable","102","LaMetro",5.72276,45.18652
"104","112","112","null","38474","5.662494412449805","45.206699214066155","5","0","RATELIER AVEC ARCEAUX","CONSIGNE COLLECTIVE FERMEE","true","ABONNEMENT OU INSCRIPTION PREALABLE","false","true","https://www.veloplus-m.fr/","2021-06-04","SMMAG","SMMAG","Mvélo+","2021-08-04","minibox","REPUBLIQUE","Sassenage","2-4 rue de la République","null","null","stationnementcyclable","103","LaMetro",5.66249,45.2067
"105","113","113","null","38185","5.717493363425998","45.19276882678275","5","0","RATELIER AVEC ARCEAUX","CONSIGNE COLLECTIVE FERMEE","true","ABONNEMENT OU INSCRIPTION PREALABLE","false","true","https://www.veloplus-m.fr/","2022-03-01","SMMAG","SMMAG","Mvélo+","2022-03-01","minibox","ARSONVAL","Grenoble","5-7 rue d'Arsonval","null","null","stationnementcyclable","104","LaMetro",5.71749,45.19277
"106","114","114","null","31169","5.692664613601757","45.19824427880338","5","0","RATELIER AVEC ARCEAUX","CONSIGNE COLLECTIVE FERMEE","true","ABONNEMENT OU INSCRIPTION PREALABLE","false","true","https://www.veloplus-m.fr/","2022-03-01","SMMAG","SMMAG","Mvélo+","2022-03-01","minibox","JOLIOT CURIE","Fontaine","123 boulevard Joliot Curie","null","null","stationnementcyclable","105","LaMetro",5.69266,45.19824
"107","115","115","null","38151","5.708108087429289","45.156195905340354","5","0","RATELIER AVEC ARCEAUX","CONSIGNE COLLECTIVE FERMEE","true","ABONNEMENT OU INSCRIPTION PREALABLE","false","true","https://www.veloplus-m.fr/","2022-03-01","SMMAG","SMMAG","Mvélo+","2022-03-01","minibox","NAVIS","Échirolles","20 cours Jean Jaurès","null","null","stationnementcyclable","106","LaMetro",5.70811,45.1562
